org_id,cat_id
3,1
3,1
3,1
1,2
1,2
1,2
3,1
3,1
3,1
3,1
3,1
3,1
3,1
3,1
3,1
3,1
3,1
3,1
3,1
3,1
3,1
3,1
3,1
3,1
3,1
3,1
3,1
3,1
3,1
3,1
3,1
3,1
3,1
3,1
3,1
3,1
3,1
3,1
3,1
3,1
3,1
3,1
3,1
3,1
3,1
3,1
3,1
3,1
3,3
3,3
3,4
3,4
3,4
3,4
3,4
3,4
3,5
3,5
3,5
1,2
1,2
1,2
1,2
1,2
1,2
1,2
1,2
1,2
1,2
1,2
1,2
2,6
2,6
2,6
3,3
3,3
3,3
3,3
3,4
3,4
3,4
3,4
3,4
3,4
3,4
3,4
3,4
3,4
3,4
3,4
3,4
3,4
3,4
3,4
3,4
3,4
3,4
3,4
3,4
3,4
3,4
3,4
3,4
3,4
3,4
3,4
3,4
3,4
3,4
3,4
3,4
3,4
3,4
3,4
3,4
3,4
3,4
3,4
3,4
3,4
3,4
3,4
3,4
3,4
3,4
3,4
3,4
3,4
3,4
3,4
3,4
3,4
3,4
3,4
3,4
3,4
3,4
3,4
3,4
3,4
3,4
3,4
3,4
3,4
3,4
3,4
3,4
3,4
3,4
3,4
3,3
3,3
3,3
3,3
3,3
3,3
3,3
3,3
3,3
3,3
3,3
3,3
3,3
3,3
3,3
3,3
3,3
3,3
3,3
3,3
3,3
3,3
3,3
3,3
3,3
3,3
3,3
3,3
3,3
3,3
3,3
3,3
3,3
3,3
3,3
3,3
3,3
3,3
3,3
3,3
3,3
3,3
3,3
3,3
3,3
3,3
3,3
3,3
3,3
3,3
3,3
3,3
3,3
3,3
3,3
3,3
3,3
3,3
3,3
3,3
3,3
3,3
3,3
3,3
3,3
3,3
3,3
3,3
3,3
3,3
3,3
3,3
3,3
3,3
3,3
3,3
3,3
3,3
3,3
3,3
3,3
3,3
3,3
3,3
3,3
3,3
3,3
3,3
3,3
3,3
3,3
3,3
3,3
3,3
3,3
3,3
3,3
3,3
3,3
3,3
3,3
3,3
3,3
3,3
3,3
3,3
3,3
3,3
3,3
3,3
3,3
3,3
3,3
3,3
3,3
3,3
3,3
3,3
3,3
3,3
3,3
3,3
3,3
3,3
3,3
3,3
3,3
3,3
3,3
3,3
3,3
3,3
3,3
3,3
3,3
3,3
3,3
3,3
3,3
3,3
3,3
3,3
3,3
3,3
3,3
3,3
3,3
3,3
3,3
3,3
3,3
3,3
3,3
3,3
3,3
3,3
3,3
3,3
3,3
3,3
3,3
3,3
3,3
3,3
3,3
3,3
3,3
3,3
3,3
3,3
3,3
3,3
3,3
3,3
3,3
3,3
3,3
3,3
3,3
3,3
3,3
3,3
3,3
3,3
3,3
3,3
3,3
3,3
3,3
3,3
3,3
3,3
3,3
3,3
3,3
3,3
3,3
3,3
3,3
3,3
3,3
3,3
3,3
3,3
3,3
3,3
3,3
3,3
3,3
3,3
3,3
3,3
3,3
3,3
3,3
3,3
3,3
3,3
3,3
3,3
3,3
3,3
3,3
3,3
3,3
3,3
3,3
3,3
3,3
3,3
3,3
3,3
3,3
3,3
3,3
3,3
3,3
3,3
3,3
3,3
3,3
3,3
3,3
3,3
3,7
3,7
3,7
3,7
3,7
3,7
3,7
3,7
3,7
3,7
3,7
3,7
3,3
3,3
3,5
3,5
3,5
3,3
3,3
3,3
3,3
3,3
3,3
3,3
3,3
3,3
3,3
3,3
3,3
3,3
3,3
3,3
3,3
3,3
3,3
3,3
3,3
3,3
3,3
3,3
3,3
3,3
3,3
3,3
3,3
3,3
3,3
3,3
3,3
3,3
3,3
3,3
3,3
3,3
3,3
3,3
3,3
3,3
3,3
3,3
3,3
3,3
3,3
3,3
3,3
3,3
3,3
3,3
3,3
3,3
3,3
3,3
3,3
3,3
3,3
3,3
3,3
3,3
3,3
3,3
3,3
3,3
3,3
3,3
3,3
3,3
3,3
3,3
3,3
3,3
3,3
3,3
3,3
3,3
3,3
3,4
3,4
3,4
3,4
3,4
3,4
3,4
3,4
3,4
3,4
3,4
3,4
3,4
3,4
3,4
3,4
3,4
3,4
3,4
3,4
3,4
3,4
3,4
3,4
3,5
3,5
3,5
3,5
3,5
3,5
3,5
3,5
3,5
3,5
3,5
3,5
3,5
3,5
3,5
3,5
3,5
3,5
3,5
3,5
3,5
3,5
3,5
3,5
3,7
3,7
3,7
3,7
3,7
3,7
3,7
3,7
3,7
3,3
3,3
3,3
3,3
3,3
3,3
3,3
3,3
3,3
3,3
3,3
3,3
3,3
3,3
3,3
3,3
3,3
3,3
3,3
3,3
3,3
3,3
3,3
3,3
3,3
3,3
3,3
3,3
3,3
3,3
3,3
3,3
3,3
3,3
3,3
3,3
3,3
3,3
3,3
3,3
3,3
3,3
3,3
3,3
3,3
3,3
3,3
3,3
3,3
3,3
3,3
3,3
3,3
3,3
3,3
3,3
3,3
3,3
3,3
3,3
3,3
3,3
3,3
3,3
3,3
3,3
3,3
3,3
3,3
3,3
3,3
3,3
3,3
3,3
3,3
3,3
3,3
3,3
3,3
3,3
3,3
3,3
3,3
3,3
3,3
3,3
3,3
3,3
3,3
3,3
3,3
3,3
3,3
3,3
3,3
3,3
3,3
3,3
3,3
3,3
3,3
3,3
3,3
3,3
3,3
3,3
3,3
3,3
3,3
3,3
3,3
3,3
3,3
3,3
3,3
3,3
3,3
3,3
3,3
3,3
3,3
3,3
3,3
3,3
3,3
3,3
3,3
3,3
3,3
3,3
3,3
3,3
3,3
3,3
3,3
3,3
3,3
3,3
3,3
3,3
3,3
3,3
3,3
3,3
3,3
3,3
3,3
3,3
3,3
3,3
3,3
3,3
3,3
3,3
3,3
3,3
3,3
3,3
3,3
3,3
3,3
3,3
3,3
3,3
3,3
3,3
3,3
3,3
3,3
3,3
3,3
3,3
3,3
3,3
3,3
3,3
3,3
3,3
3,3
3,3
3,3
3,3
3,3
3,3
3,3
3,3
3,3
3,3
3,3
3,3
3,3
3,3
3,3
3,3
3,3
3,3
3,3
3,3
3,3
3,3
3,3
3,3
3,3
3,3
3,3
3,3
3,3
3,3
3,3
3,3
3,3
3,3
3,3
3,3
3,3
3,3
3,5
3,5
3,5
3,5
3,5
3,5
3,3
3,3
3,3
3,3
3,3
3,3
3,3
3,3
3,4
3,4
3,4
3,4
3,4
3,4
3,3
3,3
3,4
3,4
3,4
3,5
3,5
3,5
3,5
3,5
3,5
3,5
3,5
3,5
3,4
3,4
3,4
3,4
3,4
3,4
3,4
3,4
3,4
3,7
3,7
3,7
3,7
3,7
3,7
3,7
3,7
3,7
3,3
3,3
3,3
3,3
3,3
3,3
3,3
3,3
3,3
3,3
3,3
3,3
3,3
3,3
1,8
1,8
1,8
1,8
1,8
1,8
1,9
1,9
1,9
1,9
1,9
1,9
3,1
3,1
3,1
3,1
3,1
3,1
3,3
3,3
3,1
3,1
3,1
3,1
3,1
3,1
3,1
3,1
3,1
3,1
3,1
3,1
3,1
3,1
3,1
3,1
3,1
3,1
3,1
3,1
3,1
3,1
3,1
3,1
3,1
3,1
3,1
3,1
3,1
3,1
3,1
3,1
3,1
3,1
3,1
3,1
3,4
3,4
3,4
3,4
3,4
3,4
3,4
3,4
3,4
3,4
3,4
3,4
3,4
3,4
3,4
3,4
3,4
3,4
2,10
2,10
2,10
2,10
2,10
2,10
2,10
2,10
2,6
2,6
2,6
2,6
2,6
2,6
2,6
2,6
2,6
2,6
2,6
2,6
3,4
3,4
3,4
3,7
3,7
3,7
3,7
3,7
3,7
3,7
3,7
3,7
3,7
3,7
3,7
3,7
3,7
3,7
3,7
3,7
3,7
3,7
3,7
3,7
1,11
1,11
1,11
1,2
1,2
1,2
1,2
1,2
1,2
2,6
2,6
2,6
2,6
2,6
2,6
2,6
2,6
2,6
3,1
3,1
3,1
3,1
3,1
3,1
3,7
3,7
3,7
3,7
3,7
3,7
3,3
3,3
3,3
3,3
3,3
3,3
3,3
3,3
3,3
3,3
3,3
3,3
3,3
3,3
3,3
3,3
3,3
3,3
3,3
3,3
3,3
3,3
1,12
1,12
1,12
3,3
3,3
3,3
3,3
3,3
3,3
3,3
3,3
3,3
3,3
3,7
3,7
3,7
3,4
3,4
3,4
3,4
3,4
3,4
3,4
3,4
3,4
3,4
3,4
3,4
3,7
3,7
3,7
3,7
3,7
3,7
3,7
3,7
3,7
3,3
3,3
3,5
3,5
3,5
3,5
3,5
3,5
3,4
3,4
3,4
3,4
3,4
3,4
3,4
3,4
3,4
3,3
3,3
3,3
3,3
3,3
3,3
3,3
3,3
3,3
3,3
3,3
3,3
3,3
3,3
3,3
3,3
3,3
3,3
3,1
3,1
3,1
3,1
3,1
3,1
3,4
3,4
3,4
3,4
3,4
3,4
3,1
3,1
3,1
3,1
3,1
3,1
3,1
3,1
3,1
3,1
3,1
3,1
3,4
3,4
3,4
3,1
3,1
3,1
3,1
3,1
3,1
3,1
3,1
3,1
3,1
3,1
3,1
1,12
1,12
1,12
1,12
1,12
1,12
1,12
1,12
1,12
1,13
1,13
1,13
3,3
3,3
3,3
3,3
1,13
1,13
1,13
1,12
1,12
1,12
1,12
1,12
1,12
1,9
1,9
1,9
1,9
1,9
1,9
1,9
1,9
1,9
1,9
1,9
1,9
1,9
1,9
1,9
1,9
1,9
1,9
1,9
1,9
1,9
1,9
1,9
1,9
1,9
1,9
1,9
1,9
1,9
1,9
1,9
1,9
1,9
1,13
1,13
1,13
1,13
1,13
1,13
1,13
1,13
1,13
3,7
3,7
3,7
3,7
3,7
3,7
3,7
3,7
3,7
3,7
3,7
3,7
3,7
3,7
3,7
3,7
3,7
3,7
3,7
3,7
3,7
3,7
3,7
3,7
3,7
3,7
3,7
3,7
3,7
3,7
3,3
3,3
3,3
3,3
3,1
3,1
3,1
3,1
3,1
3,1
3,1
3,1
3,1
3,4
3,4
3,4
3,4
3,4
3,4
3,4
3,4
3,4
3,4
3,4
3,4
3,4
3,4
3,4
3,3
3,3
3,1
3,1
3,1
3,4
3,4
3,4
3,4
3,4
3,4
3,4
3,4
3,4
3,4
3,4
3,4
3,1
3,1
3,1
3,1
3,1
3,1
3,5
3,5
3,5
3,4
3,4
3,4
3,4
3,4
3,4
3,5
3,5
3,5
3,3
3,3
3,3
3,3
3,4
3,4
3,4
1,9
1,9
1,9
1,9
1,9
1,9
1,13
1,13
1,13
3,5
3,5
3,5
1,14
1,14
1,14
1,14
1,14
1,14
3,1
3,1
3,1
3,1
3,1
3,1
3,1
3,1
3,1
2,15
2,15
2,15
2,15
2,15
2,15
2,15
2,15
2,15
2,15
2,15
2,15
2,15
2,15
2,15
2,15
2,15
2,15
1,11
1,11
1,11
3,3
3,3
3,3
3,3
3,3
3,3
1,14
1,14
1,14
3,3
3,3
3,3
3,3
1,11
1,11
1,11
1,11
1,11
1,11
1,11
1,11
1,11
1,11
1,11
1,11
1,11
1,11
1,11
1,11
1,11
1,11
1,11
1,11
1,11
1,11
1,11
1,11
1,11
1,11
1,11
1,11
1,11
1,11
1,11
1,11
1,11
1,11
1,11
1,11
1,12
1,12
1,12
2,6
2,6
2,6
2,6
2,6
2,6
2,6
2,6
2,6
2,6
2,6
2,6
2,6
2,6
2,6
2,6
2,6
2,6
2,6
2,6
2,6
2,6
2,6
2,6
2,6
2,6
2,6
2,6
2,6
2,6
2,6
2,6
2,6
2,6
2,6
2,6
2,6
2,6
2,6
2,6
2,6
2,6
2,6
2,6
2,6
3,5
3,5
3,5
3,1
3,1
3,1
3,1
3,1
3,1
3,1
3,1
3,1
3,1
3,1
3,1
3,1
3,1
3,1
3,1
3,1
3,1
3,1
3,1
3,1
3,1
3,1
3,1
3,1
3,1
3,1
2,6
2,6
2,6
2,6
2,6
2,6
2,6
2,6
2,6
2,6
2,6
2,6
2,6
2,6
2,6
2,6
2,6
2,6
2,6
2,6
2,6
2,6
2,6
2,6
2,6
2,6
2,6
3,4
3,4
3,4
3,4
3,4
3,4
3,4
3,4
3,4
3,4
3,4
3,4
3,4
3,4
3,4
3,4
3,4
3,4
3,4
3,4
3,4
3,4
3,4
3,4
3,4
3,4
3,4
3,4
3,4
3,4
3,4
3,4
3,4
3,4
3,4
3,4
1,16
1,16
1,16
1,16
1,16
1,16
1,16
1,16
1,16
1,16
1,16
1,16
1,16
1,16
1,16
1,16
3,4
3,4
3,4
3,4
3,4
3,4
2,17
2,17
2,17
2,17
2,17
2,17
2,17
2,17
2,17
2,17
2,17
2,17
2,17
2,17
2,17
2,17
2,17
2,17
2,17
2,17
2,17
2,17
2,17
2,17
2,17
2,17
2,17
3,18
3,18
3,18
3,18
3,18
3,18
3,18
3,18
3,18
3,18
3,18
3,18
3,18
3,18
3,18
3,18
3,18
3,18
3,3
3,3
3,3
3,3
3,3
3,3
3,3
3,3
3,3
3,3
3,1
3,1
3,1
3,1
3,1
3,1
3,3
3,3
3,3
3,3
3,3
3,3
3,3
3,3
3,3
3,3
3,3
3,3
3,3
3,3
3,3
3,3
2,6
2,6
2,6
1,16
1,16
1,16
1,16
1,16
1,16
1,16
1,16
1,12
1,12
1,12
1,16
1,16
1,16
1,16
1,16
1,16
1,16
1,16
1,14
1,14
1,14
1,14
1,14
1,14
1,14
1,14
1,14
1,14
1,14
1,14
1,14
1,14
1,14
1,14
1,14
1,14
1,14
1,14
1,14
1,14
1,14
1,14
1,14
1,14
1,14
1,14
1,14
1,14
1,14
1,14
1,14
3,4
3,4
3,4
3,4
3,4
3,4
3,4
3,4
3,4
3,4
3,4
3,4
3,4
3,4
3,4
3,4
3,4
3,4
3,1
3,1
3,1
3,1
3,1
3,1
3,1
3,1
3,1
3,1
3,1
3,1
3,1
3,1
3,1
3,1
3,1
3,1
3,1
3,1
3,1
3,1
3,1
3,1
3,1
3,1
3,1
3,1
3,1
3,1
3,1
3,1
3,1
3,1
3,1
3,1
3,1
3,1
3,1
3,1
3,1
3,1
3,1
3,1
3,1
3,4
3,4
3,4
3,4
3,4
3,4
3,4
3,4
3,4
3,4
3,4
3,4
3,4
3,4
3,4
3,4
3,4
3,4
3,4
3,4
3,4
3,4
3,4
3,4
3,3
3,3
3,3
3,3
3,3
3,3
3,3
3,3
1,16
1,16
1,16
1,16
1,16
1,16
1,16
1,16
1,16
1,16
1,16
1,16
1,2
1,2
1,2
3,4
3,4
3,4
3,3
3,3
3,3
3,3
3,3
3,3
3,3
3,3
3,3
3,3
3,3
3,3
3,3
3,3
3,1
3,1
3,1
2,6
2,6
2,6
2,6
2,6
2,6
1,8
1,8
1,8
1,8
1,8
1,8
1,8
1,8
1,8
1,8
1,8
1,8
1,8
1,8
1,8
1,8
1,8
1,8
1,8
1,8
1,8
3,3
3,3
3,3
3,3
3,5
3,5
3,5
3,7
3,7
3,7
3,7
3,7
3,7
3,1
3,1
3,1
3,1
3,1
3,1
3,1
3,1
3,1
3,1
3,1
3,1
3,1
3,1
3,1
1,9
1,9
1,9
1,9
1,9
1,9
1,9
1,9
1,9
1,9
1,9
1,9
3,3
3,3
1,13
1,13
1,13
1,13
1,13
1,13
3,4
3,4
3,4
3,4
3,4
3,4
3,5
3,5
3,5
3,5
3,5
3,5
1,8
1,8
1,8
3,1
3,1
3,1
3,1
3,1
3,1
3,1
3,1
3,1
3,1
3,1
3,1
3,1
3,1
3,1
3,1
3,1
3,1
3,1
3,1
3,1
3,1
3,1
3,1
3,1
3,1
3,1
3,1
3,1
3,1
3,1
3,1
3,1
3,1
3,1
3,1
3,1
3,1
3,1
3,1
3,1
3,1
3,1
3,1
3,1
3,1
3,1
3,1
3,1
3,1
3,1
3,1
3,1
3,1
3,1
3,1
3,1
3,1
3,1
3,1
3,1
3,1
3,1
3,4
3,4
3,4
3,4
3,4
3,4
3,4
3,4
3,4
3,3
3,3
3,3
3,3
3,3
3,3
3,1
3,1
3,1
3,1
3,1
3,1
3,1
3,1
3,1
3,1
3,1
3,1
3,1
3,1
3,1
3,1
3,1
3,1
3,1
3,1
3,1
3,1
3,1
3,1
3,1
3,1
3,1
3,1
3,1
3,1
3,1
3,1
3,1
3,1
3,1
3,1
3,1
3,1
3,1
3,1
3,1
3,1
3,1
3,1
3,1
3,1
3,1
3,1
3,1
3,1
3,1
3,1
3,1
3,1
3,1
3,1
3,1
3,1
3,1
3,1
3,1
3,1
3,1
3,1
3,1
3,1
3,1
3,1
3,1
3,1
3,1
3,1
3,1
3,1
3,1
3,1
3,1
3,1
3,1
3,1
3,1
3,1
3,1
3,1
3,1
3,1
3,1
3,1
3,1
3,1
3,1
3,1
3,1
3,1
3,1
3,1
3,1
3,1
3,1
3,1
3,1
3,1
3,1
3,1
3,1
3,1
3,1
3,1
3,1
3,1
3,1
3,1
3,1
3,1
3,1
3,1
3,1
3,1
3,1
3,1
3,1
3,1
3,1
3,1
3,1
3,1
3,3
3,3
3,3
3,3
3,3
3,3
3,3
3,3
3,3
3,3
3,3
3,3
3,3
3,3
3,3
3,3
3,3
3,3
3,3
3,3
3,3
3,3
3,3
3,3
3,3
3,3
3,3
3,3
3,3
3,3
3,3
3,3
3,3
3,3
3,3
3,3
3,3
3,3
3,3
3,3
3,3
3,3
3,3
3,3
3,3
3,3
3,3
3,3
3,3
3,3
3,3
3,3
3,3
3,3
3,3
3,3
3,3
3,3
3,3
3,3
3,3
3,3
3,3
3,3
3,3
3,3
3,3
3,3
3,3
3,3
3,3
3,3
3,3
3,3
3,3
3,3
3,3
3,3
3,3
3,3
3,3
3,3
3,3
3,3
3,3
3,3
3,3
3,3
3,3
3,3
3,3
3,3
3,3
3,3
3,3
3,3
3,3
3,3
3,3
3,3
3,3
3,3
3,3
3,3
3,3
3,3
3,3
3,3
3,3
3,3
3,3
3,3
3,3
3,3
3,3
3,3
3,3
3,3
3,3
3,3
3,3
3,3
3,3
3,3
3,3
3,3
3,3
3,3
3,3
3,3
3,3
3,3
3,3
3,3
3,3
3,3
3,3
3,3
3,3
3,3
3,3
3,3
3,3
3,3
3,3
3,3
3,3
3,3
3,3
3,3
3,3
3,3
3,3
3,3
3,4
3,4
3,4
3,4
3,4
3,4
3,4
3,4
3,4
3,4
3,4
3,4
3,4
3,4
3,4
3,4
3,4
3,4
3,4
3,4
3,4
3,4
3,4
3,4
3,4
3,4
3,4
1,2
1,2
1,2
3,4
3,4
3,4
3,5
3,5
3,5
3,5
3,5
3,5
3,5
3,5
3,5
3,5
3,5
3,5
3,5
3,5
3,5
3,5
3,5
3,5
3,5
3,5
3,5
3,5
3,5
3,5
3,5
3,5
3,5
3,5
3,5
3,5
3,5
3,5
3,5
3,5
3,5
3,5
3,5
3,5
3,5
3,5
3,5
3,5
3,5
3,5
3,5
3,5
3,5
3,5
3,5
3,5
3,5
3,5
3,5
3,5
3,5
3,5
3,5
3,5
3,5
3,5
3,5
3,5
3,5
3,1
3,1
3,1
3,1
3,1
3,1
3,1
3,1
3,1
3,1
3,1
3,1
3,1
3,1
3,1
3,1
3,1
3,1
3,1
3,1
3,1
3,1
3,1
3,1
3,1
3,1
3,1
3,1
3,1
3,1
3,1
3,1
3,1
3,4
3,4
3,4
3,4
3,4
3,4
3,4
3,4
3,4
3,4
3,4
3,4
3,4
3,4
3,4
3,4
3,4
3,4
3,4
3,4
3,4
3,4
3,4
3,4
3,4
3,4
3,4
3,4
3,4
3,4
3,4
3,4
3,4
3,4
3,4
3,4
3,4
3,4
3,4
3,4
3,4
3,4
3,4
3,4
3,4
3,4
3,4
3,4
3,4
3,4
3,4
3,4
3,4
3,4
3,4
3,4
3,4
3,4
3,4
3,4
3,4
3,4
3,4
3,4
3,4
3,4
3,4
3,4
3,4
3,4
3,4
3,4
3,4
3,4
3,4
3,4
3,4
3,4
3,4
3,4
3,4
3,4
3,4
3,4
3,4
3,4
3,4
3,4
3,4
3,4
3,4
3,4
3,4
3,4
3,4
3,4
3,4
3,4
3,4
3,4
3,4
3,4
3,4
3,4
3,4
3,4
3,4
3,4
2,6
2,6
2,6
2,6
2,6
2,6
1,19
1,19
1,19
3,1
3,1
3,1
3,1
3,1
3,1
3,1
3,1
3,1
3,1
3,1
3,1
3,1
3,1
3,1
3,1
3,1
3,1
3,1
3,1
3,1
3,1
3,1
3,1
3,1
3,1
3,1
1,8
1,8
1,8
1,8
1,8
1,8
1,8
1,8
1,8
1,8
1,8
1,8
1,8
1,8
1,8
1,8
1,8
1,8
1,8
1,8
1,8
1,20
1,20
1,20
1,20
1,20
1,20
1,20
1,20
1,20
1,20
1,20
1,20
1,20
1,20
1,20
1,20
1,20
1,20
1,20
1,20
1,20
1,20
1,20
1,20
1,20
1,20
1,20
1,20
1,20
1,20
1,20
1,20
1,20
1,20
1,20
1,20
1,20
1,20
1,20
1,20
1,20
1,20
1,20
1,20
1,20
1,20
1,20
1,20
1,20
1,20
1,20
1,20
1,20
1,20
1,20
1,20
1,20
1,20
1,20
1,20
1,20
1,20
1,20
1,20
1,20
1,20
1,20
1,20
1,20
1,20
1,20
1,20
1,20
1,20
1,20
1,20
1,20
1,20
1,20
1,20
1,20
1,20
1,20
1,20
1,20
1,20
1,20
1,20
1,20
1,20
1,20
1,20
1,20
1,20
1,20
1,20
1,20
1,20
1,20
1,20
1,20
1,20
1,20
1,20
1,20
1,20
1,20
1,20
1,20
1,20
1,20
1,20
1,20
1,20
1,20
1,20
1,20
1,20
1,20
1,20
1,20
1,20
1,20
1,20
1,20
1,20
1,20
1,20
1,20
1,20
1,20
1,20
1,20
1,20
1,20
1,20
1,20
1,20
1,20
1,20
1,20
1,20
1,20
1,20
1,20
1,20
1,20
1,20
1,20
1,20
1,20
1,20
1,20
1,11
1,11
1,11
1,11
1,11
1,11
1,11
1,11
1,11
1,11
1,11
1,11
1,11
1,11
1,11
1,11
1,11
1,11
1,11
1,11
1,11
1,11
1,11
1,11
1,11
1,11
1,11
1,11
1,11
1,11
1,11
1,11
1,11
1,11
1,11
1,11
1,11
1,11
1,11
1,11
1,11
1,11
1,11
1,11
1,11
1,11
1,11
1,11
1,11
1,11
1,11
1,11
1,11
1,11
1,11
1,11
1,11
1,11
1,11
1,11
1,11
1,11
1,11
1,8
1,8
1,8
1,8
1,8
1,8
1,13
1,13
1,13
1,13
1,13
1,13
1,13
1,13
1,13
1,13
1,13
1,13
1,13
1,13
1,13
1,13
1,13
1,13
1,13
1,13
1,13
1,13
1,13
1,13
1,13
1,13
1,13
1,9
1,9
1,9
1,9
1,9
1,9
1,9
1,9
1,9
1,9
1,9
1,9
1,9
1,9
1,9
1,9
1,9
1,9
1,9
1,9
1,9
1,9
1,9
1,9
1,13
1,13
1,13
1,13
1,13
1,13
1,13
1,13
1,13
1,13
1,13
1,13
1,13
1,13
1,13
1,13
1,13
1,13
1,13
1,13
1,13
1,13
1,13
1,13
1,13
1,13
1,13
1,13
1,13
1,13
1,13
1,13
1,13
1,13
1,13
1,13
1,11
1,11
1,11
1,11
1,11
1,11
1,9
1,9
1,9
1,9
1,9
1,9
1,9
1,9
1,9
1,13
1,13
1,13
1,9
1,9
1,9
1,9
1,9
1,9
1,9
1,9
1,9
1,9
1,9
1,9
1,9
1,9
1,9
1,8
1,8
1,8
1,8
1,8
1,8
1,8
1,8
1,8
1,8
1,8
1,8
1,8
1,8
1,8
1,8
1,8
1,8
1,8
1,8
1,8
1,8
1,8
1,8
1,8
1,8
1,8
1,20
1,20
1,20
1,20
1,20
1,20
1,20
1,20
1,20
1,20
1,20
1,20
1,8
1,8
1,8
1,13
1,13
1,13
1,13
1,13
1,13
1,13
1,13
1,13
1,13
1,13
1,13
1,13
1,13
1,13
1,13
1,13
1,13
1,13
1,13
1,13
1,13
1,13
1,13
1,13
1,13
1,13
1,13
1,13
1,13
1,13
1,13
1,13
1,13
1,13
1,13
1,13
1,13
1,13
1,13
1,13
1,13
1,13
1,13
1,13
1,13
1,13
1,13
1,13
1,13
1,13
1,13
1,13
1,13
1,13
1,13
1,13
1,13
1,13
1,13
1,13
1,13
1,13
1,13
1,13
1,13
1,13
1,13
1,13
1,13
1,13
1,13
1,13
1,13
1,13
1,13
1,13
1,13
1,13
1,13
1,13
1,13
1,13
1,13
1,13
1,13
1,13
1,13
1,13
1,13
1,13
1,13
1,13
1,11
1,11
1,11
1,11
1,11
1,11
1,11
1,11
1,11
1,11
1,11
1,11
1,11
1,11
1,11
1,11
1,11
1,11
1,11
1,11
1,11
1,11
1,11
1,11
1,11
1,11
1,11
1,11
1,11
1,11
1,11
1,11
1,11
1,11
1,11
1,11
1,11
1,11
1,11
1,11
1,11
1,11
1,11
1,11
1,11
1,11
1,11
1,11
1,11
1,11
1,11
1,11
1,11
1,11
1,11
1,11
1,11
1,11
1,11
1,11
1,11
1,11
1,11
1,11
1,11
1,11
1,11
1,11
1,11
1,11
1,11
1,11
1,11
1,11
1,11
1,11
1,11
1,11
1,11
1,11
1,11
1,11
1,11
1,11
1,11
1,11
1,11
1,11
1,11
1,11
1,11
1,11
1,11
1,11
1,11
1,11
1,11
1,11
1,11
1,11
1,11
1,11
1,11
1,11
1,11
1,8
1,8
1,8
1,8
1,8
1,8
1,13
1,13
1,13
1,13
1,13
1,13
1,13
1,13
1,13
2,6
2,6
2,6
2,6
2,6
2,6
2,6
2,6
2,6
2,6
2,6
2,6
2,10
2,10
2,6
2,6
2,6
2,6
2,6
2,6
2,6
2,6
2,6
2,6
2,6
2,6
2,6
2,6
2,6
2,6
2,6
2,6
2,6
2,6
2,6
2,6
2,6
2,6
2,6
2,6
2,6
2,6
2,6
2,6
2,6
2,6
2,6
2,6
2,6
2,6
3,1
3,1
3,1
3,1
3,1
3,1
3,1
3,1
3,1
3,1
3,1
3,1
2,6
2,6
2,6
3,5
3,5
3,5
3,5
3,5
3,5
1,2
1,2
1,2
1,2
1,2
1,2
1,8
1,8
1,8
1,8
1,8
1,8
1,8
1,8
1,8
1,8
1,8
1,8
1,8
1,8
1,8
1,8
1,8
1,8
1,8
1,8
1,8
1,8
1,8
1,8
1,8
1,8
1,8
1,8
1,8
1,8
1,8
1,8
1,8
1,8
1,8
1,8
1,8
1,8
1,8
1,8
1,8
1,8
1,8
1,8
1,8
1,8
1,8
1,8
1,8
1,8
1,8
1,8
1,8
1,8
1,8
1,8
1,8
1,8
1,8
1,8
1,8
1,8
1,8
1,8
1,8
1,8
1,8
1,8
1,8
1,8
1,8
1,8
1,8
1,8
1,8
1,8
1,8
1,8
1,8
1,8
1,8
1,8
1,8
1,8
1,8
1,8
1,8
1,8
1,8
1,8
1,8
1,8
1,8
1,8
1,8
1,8
1,8
1,8
1,8
1,2
1,2
1,2
1,2
1,2
1,2
1,2
1,2
1,2
1,2
1,2
1,2
1,12
1,12
1,12
1,12
1,12
1,12
1,12
1,12
1,12
1,13
1,13
1,13
1,13
1,13
1,13
1,13
1,13
1,13
1,13
1,13
1,13
1,13
1,13
1,13
1,13
1,13
1,13
1,13
1,13
1,13
1,13
1,13
1,13
1,12
1,12
1,12
1,12
1,12
1,12
1,12
1,12
1,12
1,12
1,12
1,12
1,12
1,12
1,12
1,12
1,12
1,12
1,12
1,12
1,12
1,12
1,12
1,12
1,12
1,12
1,12
1,12
1,12
1,12
1,12
1,12
1,12
1,12
1,12
1,12
1,12
1,12
1,12
1,12
1,12
1,12
1,12
1,12
1,12
1,12
1,12
1,12
1,12
1,12
1,12
1,12
1,12
1,12
1,12
1,12
1,12
1,12
1,12
1,12
1,12
1,12
1,12
1,12
1,12
1,12
1,12
1,12
1,12
1,12
1,12
1,12
1,12
1,12
1,12
1,12
1,12
1,12
1,12
1,12
1,12
1,12
1,12
1,12
1,12
1,12
1,12
1,12
1,12
1,12
1,12
1,12
1,12
1,12
1,12
1,12
1,12
1,12
1,12
1,12
1,12
1,12
1,12
1,12
1,12
1,12
1,12
1,12
1,12
1,12
1,12
1,12
1,12
1,12
1,12
1,12
1,12
1,12
1,12
1,12
1,12
1,12
1,12
1,12
1,12
1,12
1,12
1,12
1,12
1,12
1,12
1,12
1,12
1,12
1,12
1,12
1,12
1,12
1,12
1,12
1,12
1,12
1,12
1,12
1,12
1,12
1,12
1,12
1,12
1,12
1,12
1,12
1,12
1,12
1,12
1,12
1,12
1,12
1,12
1,12
1,12
1,12
1,12
1,12
1,12
1,12
1,12
1,12
1,12
1,12
1,12
1,12
1,12
1,12
1,12
1,12
1,12
1,12
1,12
1,12
1,12
1,12
1,12
1,12
1,12
1,12
1,12
1,12
1,12
1,12
1,12
1,12
1,12
1,12
1,12
1,12
1,12
1,12
1,12
1,12
1,12
1,12
1,12
1,12
1,12
1,12
1,12
1,12
1,12
1,12
1,12
1,12
1,12
1,12
1,12
1,12
1,12
1,12
1,12
1,12
1,12
1,12
1,12
1,12
1,12
1,12
1,12
1,12
1,12
1,12
1,12
1,12
1,12
1,12
1,12
1,12
1,12
1,12
1,12
1,12
1,2
1,2
1,2
1,2
1,2
1,2
1,2
1,2
1,2
1,2
1,2
1,2
1,2
1,2
1,2
1,2
1,2
1,2
1,2
1,2
1,2
1,2
1,2
1,2
1,2
1,2
1,2
1,2
1,2
1,2
1,2
1,2
1,2
1,2
1,2
1,2
1,2
1,2
1,2
1,2
1,2
1,2
1,2
1,2
1,2
1,2
1,2
1,2
1,2
1,2
1,2
1,2
1,2
1,2
1,2
1,2
1,2
1,2
1,2
1,2
1,2
1,2
1,2
1,2
1,2
1,2
1,2
1,2
1,2
1,2
1,2
1,2
1,2
1,2
1,2
1,2
1,2
1,2
1,2
1,2
1,2
1,2
1,2
1,2
1,2
1,2
1,2
1,2
1,2
1,2
1,2
1,2
1,2
1,2
1,2
1,2
1,2
1,2
1,2
1,2
1,2
1,2
1,2
1,2
1,2
1,2
1,2
1,2
1,2
1,2
1,2
1,2
1,2
1,2
1,2
1,2
1,2
1,2
1,2
1,2
1,2
1,2
1,2
1,2
1,2
1,2
1,2
1,2
1,2
1,2
1,2
1,2
1,2
1,2
1,2
1,2
1,2
1,2
1,2
1,2
1,2
1,2
1,2
1,2
1,2
1,2
1,2
1,2
1,2
1,2
1,2
1,2
1,2
1,2
1,2
1,2
1,2
1,2
1,2
1,2
1,2
1,2
1,2
1,2
1,2
1,2
1,2
1,2
1,2
1,2
1,2
1,2
1,2
1,2
1,2
1,2
1,2
1,2
1,2
1,2
1,2
1,2
1,2
1,2
1,2
1,2
1,2
1,2
1,2
1,2
1,2
1,2
1,2
1,2
1,2
1,9
1,9
1,9
1,9
1,9
1,9
1,9
1,9
1,9
1,9
1,9
1,9
1,9
1,9
1,9
1,9
1,9
1,9
1,9
1,9
1,9
1,9
1,9
1,9
1,9
1,9
1,9
1,9
1,9
1,9
1,9
1,9
1,9
1,9
1,9
1,9
1,9
1,9
1,9
1,9
1,9
1,9
1,9
1,9
1,9
1,9
1,9
1,9
1,9
1,9
1,9
1,20
1,20
1,20
1,20
1,20
1,20
2,6
2,6
2,6
2,6
2,6
2,6
2,6
2,6
2,6
2,6
2,6
2,6
2,6
2,6
2,6
2,6
2,6
2,6
2,6
2,6
2,6
2,6
2,6
2,6
2,6
2,6
2,6
2,6
2,6
2,6
2,6
2,6
2,6
2,6
2,6
2,6
2,6
2,6
2,6
2,6
2,6
2,6
2,6
2,6
2,6
2,6
2,6
2,6
2,6
2,6
2,6
2,6
2,6
2,6
2,10
2,10
2,10
2,10
2,10
2,10
2,10
2,10
2,10
2,10
2,10
2,10
2,10
2,10
2,10
2,10
2,10
2,10
2,10
2,10
2,10
2,10
2,10
2,10
2,10
2,10
2,10
2,10
2,10
2,10
2,10
2,10
2,10
2,10
2,10
2,10
2,10
2,10
2,10
2,10
2,6
2,6
2,6
2,6
2,6
2,6
2,6
2,6
2,6
2,10
2,10
2,10
2,10
2,10
2,10
2,10
2,10
2,10
2,10
2,10
2,10
2,10
2,10
2,10
2,10
2,10
2,10
2,10
2,10
2,10
2,10
2,10
2,10
2,10
2,10
2,10
2,10
2,10
2,10
2,10
2,10
2,15
2,15
2,15
2,15
2,15
2,15
2,15
2,15
2,15
2,15
2,15
2,15
2,15
2,15
2,15
2,15
2,15
2,15
2,15
2,15
2,15
2,15
2,15
2,15
2,15
2,15
2,15
2,15
2,15
2,15
2,15
2,15
2,15
2,15
2,15
2,15
2,15
2,15
2,15
2,15
2,15
2,15
2,15
2,15
2,15
2,15
2,15
2,15
2,15
2,15
2,15
2,15
2,15
2,15
2,15
2,15
2,15
2,15
2,15
2,15
2,15
2,15
2,15
2,15
2,15
2,15
2,15
2,15
2,15
2,15
2,15
2,15
2,15
2,15
2,15
2,15
2,15
2,15
2,15
2,15
2,15
2,15
2,15
2,15
2,15
2,15
2,15
2,15
2,15
2,15
2,15
2,15
2,15
2,15
2,15
2,15
2,15
2,15
2,15
2,15
2,15
2,15
2,15
2,15
2,15
2,15
2,15
2,15
2,15
2,15
2,15
2,15
2,15
2,15
2,15
2,15
2,15
2,15
2,15
2,15
2,15
2,15
2,15
2,15
2,15
2,15
2,15
2,15
2,15
2,15
2,15
2,15
2,15
2,15
2,15
2,15
2,15
2,15
3,4
3,4
3,4
3,4
3,4
3,4
1,21
1,21
1,21
1,20
1,20
1,20
1,20
1,20
1,20
1,20
1,20
1,20
1,20
1,20
1,20
1,20
1,20
1,20
1,20
1,20
1,20
1,11
1,11
1,11
1,11
1,11
1,11
1,19
1,19
1,19
1,19
1,19
1,19
1,19
1,19
1,19
1,19
1,19
1,19
1,19
1,19
1,19
1,19
1,19
1,19
1,19
1,19
1,19
1,19
1,19
1,19
1,19
1,19
1,19
1,19
1,19
1,19
1,19
1,19
1,19
1,19
1,19
1,19
1,19
1,19
1,19
1,19
1,19
1,19
1,19
1,19
1,19
1,19
1,19
1,19
1,19
1,19
1,19
1,19
1,19
1,19
1,19
1,19
1,19
1,19
1,19
1,19
1,19
1,19
1,19
1,19
1,19
1,19
1,19
1,19
1,19
1,19
1,19
1,19
1,19
1,19
1,19
1,19
1,19
1,19
1,19
1,19
1,19
1,19
1,19
1,19
1,19
1,19
1,19
1,19
1,19
1,19
1,19
1,19
1,19
1,19
1,19
1,19
1,19
1,19
1,19
1,19
1,19
1,19
1,19
1,19
1,19
1,19
1,19
1,19
1,2
1,2
1,2
1,16
1,16
1,16
1,16
1,13
1,13
1,13
1,13
1,13
1,13
1,13
1,13
1,13
2,10
2,10
2,10
2,10
2,10
2,10
2,10
2,10
2,10
2,10
2,10
2,10
2,10
2,10
2,10
2,10
2,10
2,10
2,10
2,10
2,10
2,10
2,10
2,10
2,10
2,10
2,10
2,10
2,10
2,10
2,10
2,10
2,10
2,10
2,10
2,10
2,10
2,10
2,10
2,10
2,10
2,10
2,10
2,10
2,10
2,10
2,10
2,10
2,10
2,10
2,10
2,10
2,10
2,10
2,10
2,10
2,10
2,10
2,10
2,10
2,10
2,10
2,10
2,10
2,10
2,10
2,10
2,10
2,10
2,10
2,10
2,10
2,10
2,10
2,10
2,10
3,5
3,5
3,5
3,7
3,7
3,7
3,1
3,1
3,1
3,1
3,1
3,1
1,22
1,22
1,22
1,22
1,22
1,22
1,16
1,16
1,16
1,16
1,16
1,16
1,16
1,16
1,16
1,16
1,16
1,16
3,1
3,1
3,1
3,1
3,1
3,1
1,16
1,16
1,16
1,16
3,5
3,5
3,5
3,5
3,5
3,5
3,4
3,4
3,4
3,4
3,4
3,4
3,4
3,4
3,4
3,4
3,4
3,4
3,4
3,4
3,4
3,4
3,4
3,4
3,4
3,4
3,4
3,4
3,4
3,4
3,4
3,4
3,4
3,4
3,4
3,4
3,4
3,4
3,4
3,4
3,4
3,4
3,4
3,4
3,4
3,4
3,4
3,4
3,4
3,4
3,4
3,4
3,4
3,4
3,4
3,4
3,4
3,4
3,4
3,4
3,4
3,4
3,4
3,4
3,4
3,4
3,4
3,4
3,4
3,4
3,4
3,4
3,4
3,4
3,4
3,4
3,4
3,4
3,4
3,4
3,4
3,4
3,4
3,4
3,4
3,4
3,4
3,4
3,4
3,4
3,4
3,4
3,4
3,4
3,4
3,4
3,4
3,4
3,4
3,4
3,4
3,4
3,4
3,4
3,4
3,4
3,4
3,4
3,4
3,4
3,4
3,4
3,4
3,4
3,4
3,4
3,4
3,4
3,4
3,4
3,4
3,4
3,4
3,4
3,4
3,4
3,4
3,4
3,4
3,4
3,4
3,4
3,4
3,4
3,4
3,4
3,4
3,4
3,4
3,4
3,4
3,4
3,4
3,4
3,4
3,4
3,4
3,4
3,4
3,4
3,4
3,4
3,4
3,4
3,4
3,4
3,4
3,4
3,4
3,4
3,4
3,4
3,4
3,4
3,4
3,4
3,4
3,4
3,4
3,4
3,4
3,4
3,4
3,4
3,4
3,4
3,4
3,4
3,4
3,4
3,4
3,4
3,4
3,4
3,4
3,4
3,4
3,4
3,4
2,15
2,15
2,15
2,15
2,15
2,15
3,1
3,1
3,1
3,1
3,1
3,1
3,1
3,1
3,1
3,1
3,1
3,1
3,1
3,1
3,1
3,1
3,1
3,1
3,1
3,1
3,1
3,1
3,1
3,1
3,1
3,1
3,1
3,1
3,1
3,1
3,1
3,1
3,1
3,3
3,3
3,3
3,3
1,20
1,20
1,20
1,20
1,20
1,20
1,20
1,20
1,20
3,4
3,4
3,4
3,4
3,4
3,4
3,4
3,4
3,4
3,4
3,4
3,4
3,4
3,4
3,4
3,4
3,4
3,4
3,4
3,4
3,4
3,4
3,4
3,4
3,4
3,4
3,4
3,4
3,4
3,4
3,4
3,4
3,4
3,4
3,4
3,4
3,4
3,4
3,4
3,4
3,4
3,4
3,4
3,4
3,4
3,4
3,4
3,4
3,4
3,4
3,4
3,4
3,4
3,4
3,4
3,4
3,4
3,4
3,4
3,4
3,4
3,4
3,4
3,4
3,4
3,4
3,4
3,4
3,4
3,4
3,4
3,4
3,4
3,4
3,4
3,4
3,4
3,4
3,4
3,4
3,4
3,4
3,4
3,4
3,18
3,18
3,18
3,18
3,18
3,18
3,18
3,18
3,18
3,18
2,6
2,6
2,6
2,6
2,6
2,6
2,6
2,6
2,6
2,6
2,6
2,6
2,6
2,6
2,6
2,6
2,6
2,6
2,6
2,6
2,6
2,6
2,6
2,6
1,22
1,22
1,22
3,1
3,1
3,1
3,1
3,1
3,1
1,22
1,22
1,22
3,3
3,3
3,3
3,3
3,3
3,3
3,3
3,3
3,3
3,3
3,3
3,3
3,3
3,3
3,3
3,3
3,3
3,3
3,3
3,3
3,3
3,3
3,3
3,3
3,3
3,3
3,3
3,3
3,5
3,5
3,5
3,5
3,5
3,5
3,5
3,5
3,5
3,5
3,5
3,5
3,5
3,5
3,5
3,5
3,5
3,5
3,5
3,5
3,5
3,5
3,5
3,5
3,4
3,4
3,4
3,4
3,4
3,4
3,5
3,5
3,5
3,7
3,7
3,7
3,7
3,7
3,7
3,7
3,7
3,7
3,7
3,7
3,7
3,7
3,7
3,7
3,7
3,7
3,7
3,7
3,7
3,7
3,7
3,7
3,7
3,7
3,7
3,7
3,7
3,7
3,7
3,7
3,7
3,7
3,7
3,7
3,7
3,7
3,7
3,7
3,7
3,7
3,7
2,15
2,15
2,15
2,15
2,15
2,15
2,15
2,15
2,15
2,15
2,15
2,15
2,15
2,15
2,15
2,15
2,15
2,15
2,15
2,15
2,15
2,15
2,15
2,15
2,15
2,15
2,15
2,15
2,15
2,15
3,4
3,4
3,4
3,4
3,4
3,4
1,22
1,22
1,22
1,22
1,22
1,22
1,22
1,22
1,22
1,22
1,22
1,22
1,22
1,22
1,22
1,22
1,22
1,22
1,22
1,22
1,22
1,22
1,22
1,22
1,22
1,22
1,22
1,22
1,22
1,22
1,22
1,22
1,22
1,22
1,22
1,22
1,22
1,22
1,22
1,22
1,22
1,22
1,22
1,22
1,22
1,22
1,22
1,22
1,22
1,22
1,22
1,22
1,22
1,22
1,22
1,22
1,22
2,6
2,6
2,6
2,6
2,6
2,6
3,3
3,3
3,3
3,3
3,1
3,1
3,1
3,5
3,5
3,5
3,5
3,5
3,5
3,5
3,5
3,5
3,5
3,5
3,5
3,5
3,5
3,5
3,5
3,5
3,5
3,5
3,5
3,5
3,5
3,5
3,5
3,5
3,5
3,5
3,5
3,5
3,5
3,5
3,5
3,5
3,5
3,5
3,5
3,5
3,5
3,5
3,5
3,5
3,5
3,5
3,5
3,5
3,5
3,5
3,5
3,5
3,5
3,5
3,5
3,5
3,5
3,5
3,5
3,5
3,5
3,5
3,5
3,5
3,5
3,5
3,5
3,5
3,5
3,1
3,1
3,1
3,3
3,3
3,3
3,3
3,3
3,3
3,3
3,3
3,3
3,3
3,3
3,3
3,3
3,3
3,3
3,3
3,3
3,3
3,3
3,3
3,3
3,3
3,3
3,3
3,3
3,3
3,3
3,3
3,3
3,3
3,3
3,3
3,3
3,3
3,3
3,3
3,3
3,3
3,3
3,3
3,3
3,3
3,3
3,3
3,3
3,3
3,3
3,3
3,4
3,4
3,4
3,4
3,4
3,4
2,6
2,6
2,6
2,6
2,6
2,6
3,1
3,1
3,1
3,1
3,1
3,1
3,1
3,1
3,1
3,1
3,1
3,1
3,1
3,1
3,1
3,1
3,1
3,1
1,14
1,14
1,14
1,14
1,14
1,14
1,14
1,14
1,14
1,14
1,14
1,14
1,14
1,14
1,14
1,14
1,14
1,14
1,14
1,14
1,14
1,14
1,14
1,14
1,14
1,14
1,14
1,14
1,14
1,14
1,14
1,14
1,14
3,1
3,1
3,1
3,1
3,1
3,1
1,13
1,13
1,13
1,13
1,13
1,13
1,12
1,12
1,12
1,16
1,16
1,16
1,16
1,19
1,19
1,19
1,19
1,19
1,19
2,6
2,6
2,6
2,6
2,6
2,6
2,6
2,6
2,6
1,14
1,14
1,14
1,13
1,13
1,13
1,13
1,13
1,13
3,4
3,4
3,4
3,4
3,4
3,4
1,2
1,2
1,2
1,2
1,2
1,2
3,3
3,3
3,3
3,3
3,3
3,3
3,3
3,3
3,4
3,4
3,4
3,4
3,4
3,4
3,18
3,18
3,18
3,18
3,18
3,18
3,18
3,18
3,18
3,18
3,18
3,18
3,18
3,18
3,18
3,18
3,18
3,18
1,14
1,14
1,14
1,14
1,14
1,14
1,14
1,14
1,14
1,14
1,14
1,14
1,14
1,14
1,14
1,14
1,14
1,14
1,14
1,14
1,14
1,14
1,14
1,14
1,14
1,14
1,14
1,14
1,14
1,14
1,14
1,14
1,14
1,14
1,14
1,14
1,14
1,14
1,14
1,14
1,14
1,14
1,14
1,14
1,14
1,14
1,14
1,14
1,14
1,14
1,14
1,14
1,14
1,14
1,21
1,21
1,21
1,21
1,21
1,21
1,21
1,21
1,21
3,3
3,3
3,3
3,3
3,3
3,3
3,3
3,3
3,3
3,3
3,3
3,3
3,3
3,3
3,3
3,3
3,3
3,3
3,5
3,5
3,5
2,6
2,6
2,6
2,6
2,6
2,6
2,6
2,6
2,6
2,6
2,6
2,6
3,3
3,3
3,3
3,3
3,3
3,3
3,4
3,4
3,4
3,4
3,4
3,4
3,1
3,1
3,1
3,1
3,1
3,1
3,1
3,1
3,1
3,1
3,1
3,1
3,1
3,1
3,1
3,1
3,1
3,1
3,1
3,1
3,1
3,1
3,1
3,1
1,14
1,14
1,14
1,14
1,14
1,14
3,1
3,1
3,1
3,1
3,1
3,1
3,1
3,1
3,1
3,1
3,1
3,1
3,1
3,1
3,1
3,1
3,1
3,1
2,6
2,6
2,6
2,6
2,6
2,6
2,6
2,6
2,6
2,6
2,6
2,6
2,6
2,6
2,6
2,6
2,6
2,6
2,6
2,6
2,6
2,6
2,6
2,6
2,6
2,6
2,6
2,6
2,6
2,6
2,6
2,6
2,6
2,6
2,6
2,6
2,6
2,6
2,6
2,6
2,6
2,6
2,6
2,6
2,6
2,6
2,6
2,6
2,6
2,6
2,6
3,18
3,18
3,18
3,18
3,3
3,3
1,12
1,12
1,12
1,9
1,9
1,9
1,9
1,9
1,9
1,13
1,13
1,13
1,13
1,13
1,13
1,13
1,13
1,13
1,13
1,13
1,13
1,13
1,13
1,13
1,13
1,13
1,13
1,13
1,13
1,13
1,13
1,13
1,13
1,13
1,13
1,13
1,8
1,8
1,8
3,7
3,7
3,7
3,7
3,7
3,7
3,7
3,7
3,7
1,8
1,8
1,8
1,8
1,8
1,8
1,8
1,8
1,8
1,8
1,8
1,8
1,8
1,8
1,8
1,8
1,8
1,8
1,8
1,8
1,8
1,8
1,8
1,8
1,8
1,8
1,8
1,8
1,8
1,8
3,3
3,3
3,3
3,3
2,6
2,6
2,6
2,6
2,6
2,6
2,6
2,6
2,6
3,4
3,4
3,4
3,4
3,4
3,4
3,4
3,4
3,4
3,4
3,4
3,4
1,20
1,20
1,20
1,20
1,20
1,20
1,20
1,20
1,20
3,1
3,1
3,1
1,16
1,16
1,16
1,16
1,16
1,16
1,16
1,16
1,16
1,16
1,16
1,16
1,16
1,16
1,16
1,16
1,16
1,16
1,16
1,16
1,16
1,16
1,16
1,16
1,16
1,16
1,16
1,16
1,16
1,16
1,16
1,16
1,16
1,16
1,16
1,16
